"first_name","last_name","job_title","department","email","phone_number","date_of_birth","hire_date","salary","password","employee_id","credit_card_number"
"Lisa","Zhang","Logistics and distribution manager","Marketing","dalescott@example.com","+1-981-775-2783x300","1984-08-24","2023-06-30","96397.19","7U5FTpIa","5fed6305-0d5b-4900-804d-581ee78a0010","4122301200920723335"
"Kayla","Mays","Diagnostic radiographer","HR","aburton@example.com","6069837429","1990-02-20","2021-05-10","65054.6","8LDbqfek","7630b775-6950-4934-905a-c66f2cce121f","579838571183"
"Cathy","Sanchez","Phytotherapist","Engineering","david14@example.com","560-645-2598","1990-05-16","2021-01-30","112297.99","n8s2VWBv","35343a91-b2c5-4662-93bb-848e249325f4","3517555562717267"
"Shelby","Jones","Patent attorney","Finance","jenna25@example.net","934.883.5953x272","1980-10-05","2022-02-25","49071.29","o3nA3J3f","be687ed5-1ddd-4a97-a7f5-36513fd64a69","213159888254452"
"Joseph","Knox","Tree surgeon","Sales","kwilliams@example.net","223.788.1036x587","1976-10-24","2021-04-17","83631.56","U907Kxor","3a974fab-4c88-424f-8ac3-051a288ad114","3503245969132858"
"Heather","Miller","Herbalist","Engineering","garywright@example.com","3107322037","2003-01-28","2021-02-08","85090.63","6tiWWcbV","d367a78b-919f-4730-a37c-195635c88b5b","4270313605109034"
"Dustin","Anderson","Recycling officer","Marketing","alicia63@example.org","498-331-2854x6558","1969-11-26","2021-06-03","88685.4","6E17OUUs","d3bf8f1c-f996-4a07-a8f8-59ec70958ea6","3525111812981343"
"Paul","Steele","Trade mark attorney","Sales","rbeck@example.com","+1-939-299-7257x482","1986-12-31","2023-07-16","105340.72","U6sXEhXj","cd6bc387-c40f-4b7b-a79c-55c9efc2d3ad","374941206581590"
"Brianna","Barnes","Child psychotherapist","Engineering","snyderchristopher@example.net","440-243-4079x1416","1971-06-29","2022-06-21","55862.48","Zk2UFvo4","356c803b-7207-4b99-8dad-cad7443c4597","213189742007697"
"Karl","Bush","Metallurgist","Finance","fwinters@example.net","001-223-720-5570x7645","1969-09-06","2020-08-23","76681.44","iHiwZ1Wm","aa4df1cb-bd49-4716-9fb8-3aac6b59a4e8","30530559025259"
"Dawn","Fuller","Accountant, chartered certified","Engineering","timothyflores@example.org","448-523-5959x020","2003-11-21","2022-01-27","86622.03","5TGEYKDw","8ea6d69b-08c7-412d-bd07-417a53ee3529","373244008535539"
"Peggy","Jones","Teacher, music","Sales","lisafox@example.org","+1-739-531-9451x550","1972-03-06","2023-10-05","59130.62","6VTFkkZ7","23855256-b054-4466-86eb-80fb80385b29","4227684137146486"
"Crystal","Clark","Scientific laboratory technician","Finance","prichardson@example.com","+1-293-313-2903x5209","2000-10-22","2022-07-03","77771.13","8k4FXwbc","23a52cfb-8f22-4e89-b29d-20e354533d4a","4352152126042238"
"Laura","Cruz","Learning disability nurse","Finance","lemelissa@example.net","7488445352","1968-01-30","2021-07-25","70335.05","6HUrG7Zp","0240d3ad-2a0d-4f92-b4b8-bb98437dda6f","4465231143067"
"Andrea","Everett","Armed forces logistics/support/administrative officer","HR","fhaynes@example.net","857.541.7978x07973","1968-10-10","2021-03-09","70397.18","emQ4OIgX","bf4f9cb2-945d-4a40-b320-40b4dd8042da","4719403164063333650"
"Jeffrey","Parker","Oceanographer","Sales","angela68@example.org","841-500-5729x3516","1991-03-06","2022-01-21","64322.68","YQ3Ru0Oy","e5377803-fe47-42ec-92d7-999753dbbfe1","4125984994425459"
"Bradley","Riley","Surveyor, planning and development","Sales","joneill@example.net","+1-372-481-6143x404","1995-03-19","2020-07-26","70201.24","dYw9LkSf","1af5bf0f-2608-494b-b797-c03753a5d30d","3525722860502284"
"Nathan","Flores","Civil engineer, consulting","Engineering","clarkmolly@example.org","4783340066","1984-02-09","2022-03-08","70518.61","yCx4qgEp","55d68848-d0e4-443f-9c6d-9daf37c78e12","2285834580521882"
"Luke","Craig","Designer, television/film set","Marketing","dakotaallen@example.com","567.313.1044x986","1962-08-10","2020-07-20","103927.78","8TamJd9g","b24eeade-e051-4eac-8410-19b831ea3f67","4035327031636622"
"Michelle","Torres","Librarian, academic","Marketing","charlescooper@example.org","(766)260-3414","2005-06-25","2023-07-12","115283.19","vJeCe2Fq","dcafb842-3bc3-46c3-a93f-f6d198010051","4165341139339452"
"Jonathan","Henderson","Hospital doctor","Engineering","thorntonbrian@example.org","(463)777-6368","1986-03-22","2023-11-24","80355.43","t7H4Oogj","a9bf1cec-56e2-46a4-b646-e8eeab46ec9b","4458997105804872"
"Angela","Smith","Astronomer","Finance","maynardchristopher@example.com","947-773-7098","1987-10-29","2022-09-30","115855.4","M5TSBQBp","ff037bca-fa55-48b4-8cc7-4819e912b879","6541232260415437"
"Cory","Small","Personal assistant","Marketing","timothy43@example.net","336-954-3715","1980-09-14","2023-07-28","99638.47","qbq5BILy","8c799eb3-a6f0-4f5b-aef8-c2fd366f9556","372507839290263"
"John","Cox","Geologist, engineering","Marketing","imacias@example.com","2075667906","1988-01-24","2021-01-16","75338.75","0X9EaE5T","075cc561-ccf3-4380-8bc3-21f3a8932b28","4807132351238979514"
"Dylan","Ayala","Outdoor activities/education manager","Marketing","gary56@example.com","940-380-3505","1988-09-05","2022-04-05","73890.67","RiP60wPe","6c5f7a16-9104-4b86-92a6-1f769734de82","36540672494955"
"Michele","Flynn","Ambulance person","Sales","christopherjames@example.org","+1-881-773-7974x379","1987-12-15","2020-10-02","117167.94","0i7uH7Np","8be6b065-eccb-41c9-83db-0eb6d2936fda","4193258865491844472"
"Gabrielle","Manning","Early years teacher","Sales","joseph11@example.net","+1-747-461-9375","1976-02-16","2020-09-26","40525.54","A0FnNA5B","58b30169-bd23-4812-9d27-cc9dbfab0426","3553345263558821"
"Scott","Blake","Administrator, arts","HR","victoria31@example.org","789.297.4241x8630","2005-04-03","2020-04-23","49428.28","D9jSRjf6","a03f4959-3f26-4928-80e4-89f1f2279b07","4939460019696636"
"Michael","Bean","Estate agent","Finance","adamsmarissa@example.org","+1-826-231-4652x140","1998-04-07","2020-11-10","57428.06","1URbKCeN","8cde3940-55d5-452c-8a46-919c7a5b3452","4385095696069"
"Brianna","Hunter","Insurance broker","Finance","cdeleon@example.net","001-314-609-4970x91424","1973-01-02","2023-05-19","61821.14","4BURFJu4","32065890-2928-485a-b108-32b3789c9f37","6011291676722399"
"Veronica","Walker","Physiological scientist","Marketing","brooksrickey@example.com","(265)760-5624x7319","2002-01-29","2021-09-30","98392.71","K1K3R3Vo","1e9c68ce-772b-4153-9f08-1c2c39a9580b","376166034648308"
"Jason","Gonzalez","Higher education lecturer","Sales","brownbryan@example.net","7745189412","1961-10-08","2022-10-20","68619.44","2eBTtiek","432d1a43-3e05-402a-85a0-8c5aa1a7aacd","4887154432253032044"
"Jessica","Graves","Corporate investment banker","Finance","michael01@example.com","001-224-513-3226x316","1974-05-29","2020-12-17","83125.86","FQ0GKPXs","5b47a945-7db0-433d-8467-e17167d557b9","2703129902027534"
"Edward","Knapp","Engineer, chemical","Sales","robert77@example.org","285-227-5766","1968-06-08","2024-03-28","91411.61","dk3XgiUq","c04f2090-710d-43b4-9d7e-b34a12ea7812","30423265332542"
"John","Noble","Radio broadcast assistant","Engineering","sarahhowell@example.net","878.669.6398","2005-06-10","2020-10-26","40569.7","w3ylOeLr","82d6eb87-bede-403e-a75e-07eedb0c9abe","36414355282006"
"Joseph","Gonzalez","Designer, textile","Engineering","pperry@example.org","754-757-3593x8193","1990-11-02","2023-08-13","68103.58","4YHAEaju","dc54538c-b66f-4bf8-a787-5c80621ab2fb","4724819629834701854"
"Joshua","Duffy","Producer, radio","Engineering","gentrykimberly@example.com","001-676-907-8720x99970","2001-05-27","2024-10-06","54398.71","hGc62qBz","0edfb0cf-47f5-431f-916d-4dd9bae47918","4359972739052"
"James","Martin","Librarian, academic","Engineering","nathanbrown@example.net","(676)602-8843x95758","1965-11-26","2022-04-04","73930.47","v5Y5vvxq","a59ebc67-ba82-445e-beec-cb87a50b4dde","587375666530"
"Ashley","Lucas","Product designer","Marketing","sparker@example.com","481-669-3398x4042","2004-11-26","2023-09-22","88954.45","y0CPAcAo","5c5da6da-bc41-4ea2-9bff-755219a1f01a","577956369422"
"William","Harper","Advice worker","Marketing","kevin06@example.com","(909)896-6841x002","1974-03-25","2021-08-09","71728.98","Hnvi3Tya","3d9a08e0-1ac9-4c22-b20e-2d4ef746ca27","4447321910473118710"
"Matthew","Jackson","Insurance underwriter","Marketing","maureenclark@example.com","501.386.1802","1969-10-07","2024-09-07","45217.2","0PS5e5le","2ee09225-a9e0-4458-ab5b-fb696572cd27","4567151837037298"
"Ana","Mullins","Physicist, medical","HR","vrobinson@example.org","(999)386-7918x8490","2001-01-05","2020-01-18","93513.03","2TqUynfJ","480ac011-fa54-41c0-9806-f44cffaf3a42","3517785339041812"
"Jessica","Lopez","Meteorologist","HR","patriciadelgado@example.com","9748813050","1975-03-18","2021-07-12","71080.85","Ym1OnErW","ec2dfdfe-8912-4c39-b36a-08f792350bd1","4420640906287849"
"David","Mathews","Social research officer, government","Marketing","dgonzalez@example.org","9524995171","1983-09-12","2022-04-22","46105.26","V0kLRDYp","d28337b7-b655-4d60-86eb-d19be5fc3b45","372371084815179"
"Danielle","Gomez","Physiotherapist","HR","rdavis@example.net","(965)777-0248","1966-09-23","2021-05-21","105266.57","1Hp5Sxxd","805ca146-7d91-4d23-ac7d-a763e32323e1","3568903413864292"
"Christina","West","Television/film/video producer","Finance","matthew62@example.com","(908)473-6621x9500","1980-02-14","2023-09-09","73329.57","3kNQoObp","fbfe7ea3-53ed-4df6-a33d-ed5320fe27fb","4495078942360791675"
"Yvonne","Wyatt","Osteopath","Marketing","eanderson@example.com","001-689-997-3971","1996-09-01","2023-07-08","70272.8","SB7MTJuW","6a9737b5-969d-499f-b5eb-940d48020996","378426188589726"
"Donna","Meadows","Biochemist, clinical","HR","kpalmer@example.net","3617958733","1993-10-10","2024-08-16","43708.36","k178QDlk","fd675bc9-08fa-4fcd-aa42-78ab03f17465","676312012716"
"Benjamin","Castillo","Systems analyst","Marketing","ocopeland@example.org","+1-895-694-5474x94059","1977-01-23","2020-03-13","103078.53","4SWvSUUk","b759dc9d-4bb6-4d46-8b9b-7256ba5d42f2","4593321765133"
"Andres","Woodward","Drilling engineer","Marketing","sandra03@example.net","+1-958-502-7949x50841","1965-03-17","2023-03-03","45148.7","9H0sKCjx","662bba3b-ac52-41ac-b81f-0066da781b30","2267769264922679"
"Timothy","Benton","Amenity horticulturist","Engineering","danielwhite@example.org","(977)503-9422","1960-08-19","2022-01-07","119913.19","29YX2dhL","ac49615f-89ad-4bec-8161-75ef1d94492c","378373289221959"
"Debra","Santana","Research scientist (medical)","HR","hillalex@example.net","+1-682-873-0531x4787","2006-09-20","2024-04-09","86010.83","90FZ3iZu","a3dd34be-a4ac-4329-9924-13f38cbd617c","4885560885971908"
"Lisa","Kelley","Therapist, nutritional","Sales","cody98@example.com","333-622-0329x6240","1975-03-27","2021-08-07","67491.06","tu9vRNuy","4e40eb5f-3bc2-432f-8868-98ee7cd55210","30092226403120"
"Amber","Campbell","Aeronautical engineer","Marketing","smithpatricia@example.org","(381)320-0642","1961-06-10","2024-05-07","91485.25","9MHCgVLn","8852dff3-54dd-43b2-8afd-ca8a2705fff1","4702352678074764"
"Pamela","George","Designer, fashion/clothing","Finance","veronica39@example.net","001-786-325-2074x522","1988-06-28","2022-03-21","92404.93","2tWCWdqQ","6f73f9c5-7b0e-4233-a040-fa01093aea84","4100451452866167423"
"Lisa","Coleman","Communications engineer","Marketing","omckenzie@example.com","5402072371","1963-03-26","2020-07-15","105992.57","73OHaZMy","93e63902-ae02-45ab-98c4-3c62dc20aefc","38991831441437"
"Wesley","Nguyen","Geochemist","Sales","usmith@example.com","001-744-934-8299x71491","2001-04-20","2023-08-11","77517.61","I0iEfT7a","0b73e868-780a-437b-b665-d592e58d23a7","38316775865914"
"Brandon","Baxter","Games developer","Engineering","jacob11@example.net","570.418.6955x719","2001-12-25","2024-09-27","87849.09","0A0UhJeb","b60d5237-daea-4e38-9484-19968f0fd6ca","4248088944565947525"
"Carlos","Sullivan","Newspaper journalist","Engineering","lstephens@example.com","+1-284-639-8300x28855","1995-08-17","2023-07-02","88614.9","8bLRIspI","cf952503-e361-4a9e-b499-69edf25532dc","3564035402368698"
"Clayton","Barton","Engineer, electronics","Finance","michaelfarrell@example.com","+1-705-939-3181x910","1971-11-12","2021-05-12","59749.97","a6O4bZgL","85fadaa4-d4f0-4983-b37a-9963b18267f7","060473998270"
"Susan","Evans","Therapist, nutritional","Engineering","griley@example.net","581-675-2377x846","1989-06-13","2024-02-04","72573.59","Y5xsDhjg","1a01dd21-22bb-41c9-aec7-4e44486f4fff","343697980765068"
"Jodi","Robinson","Passenger transport manager","Sales","pparker@example.net","781-290-2300","1962-09-04","2021-06-11","76667.0","AU19TiZg","b1a1cfe9-ec03-475a-a3c7-24d909c33883","3579612328067373"
"Noah","Pham","Landscape architect","Engineering","danieljones@example.net","(700)755-5556x39994","1998-04-10","2023-06-11","109434.67","1XXZ2qWE","ad00b88b-390a-4c8b-a18d-022fbc0e4bbc","349495736118615"
"Chelsea","Powell","Hotel manager","Sales","danielle45@example.com","001-936-216-7861x32339","1959-11-11","2020-01-05","85459.75","K0W2BaSc","5e19c9df-10f4-43e3-a89a-a13d7e337810","4006546087246453915"
"John","Foster","Printmaker","Sales","walshjoshua@example.com","492.613.4376x700","1983-10-27","2024-07-25","104088.86","Q2kxDXrl","920ef6e6-7f23-4021-aeab-e358985496ec","4635954901400"
"Rebecca","Clark","Automotive engineer","Engineering","isabellawells@example.org","238-960-6139x413","1970-02-05","2022-07-23","44727.7","0Mt9nIdv","a301145b-fc89-4d7a-9ec5-077370a5c7cc","4326548453023282"
"Edward","Castillo","Designer, exhibition/display","Engineering","veronica34@example.com","998.457.3719x7170","1965-08-23","2024-11-11","51511.19","3JyZFfIi","25909b5a-6aab-48d8-890b-ae4e7e8c6aa9","213121330641108"
"Gina","Blevins","Conservator, furniture","Finance","mccannbrandon@example.net","+1-677-670-8323x80982","1985-08-14","2024-06-08","115125.78","P133AJ5w","d94a2541-6380-4574-b3dd-706b09b8cd47","213177589639862"
"Melanie","Green","Travel agency manager","Finance","moralesspencer@example.org","932.590.2117x007","2002-05-07","2023-09-28","69366.9","8GTkJl3w","a4733bc3-62d0-454d-ad26-932a76142046","4870808929171838"
"Jennifer","Simmons","Retail merchandiser","HR","xthompson@example.net","(658)678-1645","1985-06-05","2022-07-28","94621.0","cD05RBsu","8bcb7913-b4c8-42d5-9111-489a3f1d8dca","4424015599782511"
"Willie","Ball","Therapist, art","Finance","sosajames@example.com","001-400-288-9064x91347","1971-06-24","2021-03-26","44123.89","HB2dFrTw","46d40a20-fe43-4b7e-9c66-7df6433ccafb","3514019777756423"
"Jennifer","Gray","Ceramics designer","Engineering","ashley28@example.org","663.287.8590x2345","1963-10-27","2023-07-15","105343.25","ZE2f8S9z","23bcd7d1-5002-4254-bbd1-f50e6a39fcb9","6011255723453910"
"Aaron","Sutton","Personnel officer","HR","lawrencemichael@example.com","569.692.9866","1970-05-16","2022-12-08","66057.31","b7YfkqVa","45dee92b-9ef2-4056-b61e-37edeb7fe435","2232161365171426"
"Austin","Glover","Meteorologist","Sales","mullentodd@example.org","+1-840-279-9448x9892","1975-01-30","2021-03-11","101848.3","jm4GkIdX","e8e37fdf-90a1-4bc1-aebf-286d6871b1f1","30313031566376"
"Martin","Rosales","Dance movement psychotherapist","Sales","mercadokiara@example.com","4197848000","1982-04-26","2023-02-07","83060.11","7la4M2Kn","ee429b86-9dd5-4e53-98a2-00c67c9ebc21","36734174994980"
"Amanda","Hughes","Energy manager","Engineering","eric13@example.net","001-721-895-1582x8626","2003-07-07","2024-10-30","116458.13","98mPLvDd","c4123e7e-c869-427e-9f96-73977dc96699","349251814457106"
"Lawrence","Jones","Librarian, public","HR","dgonzales@example.org","001-733-896-5051x1935","1969-05-11","2020-08-16","111114.76","4vMsIdW8","a4a2a750-7443-4c10-b204-2299b36363a6","4139719230549504"
"Jason","Roach","Editor, magazine features","HR","elizabeth96@example.com","(376)437-2359x531","2005-10-27","2024-06-13","100777.07","q43YGswj","e8ae3183-b57d-4458-817a-b3186d8d87e8","3505640036120233"
"William","Lucas","Product/process development scientist","Marketing","yknox@example.com","(482)545-3763x6600","1978-08-20","2022-11-24","52748.27","UC1Zmqmv","46fd46a8-8d87-4add-b4b0-d5fb9e193f35","4903900698466"
"Clarence","Olson","Agricultural consultant","Sales","chelseagomez@example.net","001-653-643-3049x4571","1993-01-08","2021-12-09","70160.75","9CXrMFJN","4d02d267-99a0-4d81-ae7d-50e4d548c0ee","3597421322021651"
"Brandon","Jones","Trade mark attorney","Marketing","qhoffman@example.com","001-248-396-6841","1986-11-21","2024-06-26","64902.83","12Id4xmE","182b2704-63b7-468c-9141-c0bd93c91b60","2237896821756675"
"Kevin","Price","Risk manager","Marketing","sford@example.com","+1-888-903-4626x1272","1967-09-02","2022-04-14","90334.35","T4RL2Um3","1d7615d7-df7b-415d-92fc-a69059027f96","4372717483282"
"Kimberly","Ryan","Administrator, charities/voluntary organisations","Finance","brenda97@example.com","423-676-8487x660","1999-09-21","2022-09-24","69569.42","nC2kdHyU","a8396e7a-7589-4035-bb63-0b28cc8dce03","30370611515603"
"Travis","Martinez","Engineering geologist","Sales","zhudson@example.com","855.427.3384","2006-07-05","2024-05-04","71925.76","FspE1qZg","fa7a703f-280b-48d7-a6ed-515b3eeb737b","4136356652293841"
"Jermaine","Wolfe","Musician","Engineering","kmeadows@example.net","622-246-8378","1981-12-13","2024-03-13","48299.75","3M1bdBrs","e531cd31-2290-4341-b7de-31ec7584c596","3565011819758135"
"Norma","Ruiz","Acupuncturist","HR","archernicholas@example.net","001-319-519-0792x86404","1962-10-14","2020-03-18","61626.83","6Vch5fiP","c9b5707b-9482-4022-b46c-78c2a008235b","6508169737807633"
"Ronald","Schaefer","Forensic scientist","HR","campbellclaudia@example.com","001-611-882-9416","2002-01-31","2021-02-21","106188.79","0MZUsafp","da0e9a8f-621f-4356-9355-3274c3ad852b","5251584262871179"
"Brandon","Turner","Proofreader","Marketing","troy72@example.org","548.534.2121","2004-01-13","2022-07-30","108842.69","ywHF2VlS","4cf55cd5-3d35-4db0-9ffe-4effd76296d6","30332374785799"
"Nathaniel","Rivas","Medical physicist","Sales","mclark@example.com","227-732-4622x995","1995-06-01","2020-12-29","53000.04","3Nux9arx","9418e319-f4d2-4729-9792-15ac5954a02c","676151218929"
"Victor","Moyer","Pensions consultant","Marketing","xray@example.com","982-439-2762x153","1995-01-10","2020-12-23","66939.41","W4DnD2qR","6bc108ff-1c4d-4598-9716-3f490dd66f03","4615715719231484"
"Andrew","Shaw","Surveyor, hydrographic","Finance","fjacobson@example.net","276.376.0383x283","1980-06-13","2022-11-21","97933.55","xhfk01Xp","5512719d-15b4-48bd-b916-5ccb388d1b1b","30207360082486"
"Matthew","Miller","Designer, industrial/product","Sales","pamelajohnson@example.com","309-477-6962","2001-09-15","2024-05-18","47262.77","2KPiM8zn","4e2fa5e5-a1a4-4e67-b2b4-fcb8932e93c6","180066240032006"
"Ashley","Alvarez","Copywriter, advertising","Sales","xlewis@example.com","(816)316-3686x6681","1998-09-30","2021-05-12","112802.96","9cMU0Ae2","a4d46973-d033-4eb5-8972-acf994b95c27","4259243813522"
"Kevin","Norman","Scientist, research (maths)","Finance","melendezvanessa@example.com","834.472.8516x21098","1997-03-20","2021-11-15","100805.66","2G4TBoex","8a8bfd04-14cd-4f5e-a222-9eac7ef208f0","4955714643602559242"
"Tanya","Miller","Engineering geologist","Engineering","larsonjennifer@example.com","+1-445-701-8760x56555","1961-09-16","2022-07-25","56291.36","r65QgL2y","bb45fbd3-9665-46fe-a965-441719363a5f","30401038698100"
"Taylor","Brown","Haematologist","Finance","ogiles@example.com","001-672-544-6387x07982","1965-11-12","2022-12-03","67154.6","2yt2Mdgn","0d8ea445-0e36-4fc3-bb76-b4812601a9df","180070950143870"
"Gina","Lewis","Scientist, research (medical)","Finance","ybenitez@example.net","(220)884-4390","1998-11-28","2020-03-07","72691.87","X8Y70rPh","576dc292-2b57-4773-887a-cd63320668ed","5559599246832047"
"Tony","Cook","Financial controller","Engineering","greenbethany@example.org","+1-969-622-3179","1995-05-14","2023-05-23","102367.54","4c2hSqKr","891e7f74-ddd1-456c-b607-ff6174770924","3582317728094416"
"Jennifer","Vaughan","Teaching laboratory technician","Marketing","michael91@example.net","985.533.4879x823","1966-03-05","2023-08-07","113349.69","X78KlFAc","75c29a7e-b123-4ca0-a0dc-9430dac0b78f","371168262466184"
"Dustin","Hill","Public house manager","Sales","isaiahgriffin@example.org","397.771.6761x11569","1985-05-14","2023-04-30","118052.7","Le6jVKit","8c874a9a-36be-4716-8fdb-dcad527b5ce2","3549312181784464"
